"ID","Process ID","Process Name","Host Name","Kernel Name","Context","Stream","Block Size","Grid Size","Device","CC","Section Name","Metric Name","Metric Unit","Metric Value"
"0","61685","python3.11","127.0.0.1","awq_gemm_kernel","1","7","(128, 1, 1)","(512, 8, 1)","0","8.9","Command line profiler metrics","dram__bytes.sum","byte","19493120"
"0","61685","python3.11","127.0.0.1","awq_gemm_kernel","1","7","(128, 1, 1)","(512, 8, 1)","0","8.9","Command line profiler metrics","gpu__dram_throughput.avg.pct_of_peak_sustained_elapsed","%","14.82"
"0","61685","python3.11","127.0.0.1","awq_gemm_kernel","1","7","(128, 1, 1)","(512, 8, 1)","0","8.9","Command line profiler metrics","gpu__time_duration.sum","ns","438912"
"0","61685","python3.11","127.0.0.1","awq_gemm_kernel","1","7","(128, 1, 1)","(512, 8, 1)","0","8.9","Command line profiler metrics","sm__inst_executed_pipe_tensor.sum","inst","1048576"
"0","61685","python3.11","127.0.0.1","awq_gemm_kernel","1","7","(128, 1, 1)","(512, 8, 1)","0","8.9","Command line profiler metrics","sm__throughput.avg.pct_of_peak_sustained_elapsed","%","64.83"
"0","61685","python3.11","127.0.0.1","awq_gemm_kernel","1","7","(128, 1, 1)","(512, 8, 1)","0","8.9","Command line profiler metrics","smsp__sass_thread_inst_executed_op_ffma_pred_on.sum","inst","0"
"1","61685","python3.11","127.0.0.1","fmha_cutlassF_f16_aligned_64x128_rf_sm80(PyTorchMemEffAttention::AttentionKernel<cutlass::half_t, cutlass::Sm80, 1, 64, 128, 128, 1, 1>::Params)","1","7","(32, 8, 1)","(2, 32, 1)","0","8.9","Command line profiler metrics","dram__bytes.sum","byte","3728000"
"1","61685","python3.11","127.0.0.1","fmha_cutlassF_f16_aligned_64x128_rf_sm80(PyTorchMemEffAttention::AttentionKernel<cutlass::half_t, cutlass::Sm80, 1, 64, 128, 128, 1, 1>::Params)","1","7","(32, 8, 1)","(2, 32, 1)","0","8.9","Command line profiler metrics","gpu__dram_throughput.avg.pct_of_peak_sustained_elapsed","%","24.13"
"1","61685","python3.11","127.0.0.1","fmha_cutlassF_f16_aligned_64x128_rf_sm80(PyTorchMemEffAttention::AttentionKernel<cutlass::half_t, cutlass::Sm80, 1, 64, 128, 128, 1, 1>::Params)","1","7","(32, 8, 1)","(2, 32, 1)","0","8.9","Command line profiler metrics","gpu__time_duration.sum","ns","51648"
"1","61685","python3.11","127.0.0.1","fmha_cutlassF_f16_aligned_64x128_rf_sm80(PyTorchMemEffAttention::AttentionKernel<cutlass::half_t, cutlass::Sm80, 1, 64, 128, 128, 1, 1>::Params)","1","7","(32, 8, 1)","(2, 32, 1)","0","8.9","Command line profiler metrics","sm__inst_executed_pipe_tensor.sum","inst","131072"
"1","61685","python3.11","127.0.0.1","fmha_cutlassF_f16_aligned_64x128_rf_sm80(PyTorchMemEffAttention::AttentionKernel<cutlass::half_t, cutlass::Sm80, 1, 64, 128, 128, 1, 1>::Params)","1","7","(32, 8, 1)","(2, 32, 1)","0","8.9","Command line profiler metrics","sm__throughput.avg.pct_of_peak_sustained_elapsed","%","11.89"
"1","61685","python3.11","127.0.0.1","fmha_cutlassF_f16_aligned_64x128_rf_sm80(PyTorchMemEffAttention::AttentionKernel<cutlass::half_t, cutlass::Sm80, 1, 64, 128, 128, 1, 1>::Params)","1","7","(32, 8, 1)","(2, 32, 1)","0","8.9","Command line profiler metrics","smsp__sass_thread_inst_executed_op_ffma_pred_on.sum","inst","131072"
"2","61685","python3.11","127.0.0.1","awq_gemm_kernel","1","7","(128, 1, 1)","(512, 8, 1)","0","8.9","Command line profiler metrics","dram__bytes.sum","byte","19552256"
"2","61685","python3.11","127.0.0.1","awq_gemm_kernel","1","7","(128, 1, 1)","(512, 8, 1)","0","8.9","Command line profiler metrics","gpu__dram_throughput.avg.pct_of_peak_sustained_elapsed","%","14.90"
"2","61685","python3.11","127.0.0.1","awq_gemm_kernel","1","7","(128, 1, 1)","(512, 8, 1)","0","8.9","Command line profiler metrics","gpu__time_duration.sum","ns","437888"
"2","61685","python3.11","127.0.0.1","awq_gemm_kernel","1","7","(128, 1, 1)","(512, 8, 1)","0","8.9","Command line profiler metrics","sm__inst_executed_pipe_tensor.sum","inst","1048576"
"2","61685","python3.11","127.0.0.1","awq_gemm_kernel","1","7","(128, 1, 1)","(512, 8, 1)","0","8.9","Command line profiler metrics","sm__throughput.avg.pct_of_peak_sustained_elapsed","%","64.88"
"2","61685","python3.11","127.0.0.1","awq_gemm_kernel","1","7","(128, 1, 1)","(512, 8, 1)","0","8.9","Command line profiler metrics","smsp__sass_thread_inst_executed_op_ffma_pred_on.sum","inst","0"
"3","61685","python3.11","127.0.0.1","awq_gemm_kernel","1","7","(128, 1, 1)","(1376, 8, 1)","0","8.9","Command line profiler metrics","dram__bytes.sum","byte","49557248"
"3","61685","python3.11","127.0.0.1","awq_gemm_kernel","1","7","(128, 1, 1)","(1376, 8, 1)","0","8.9","Command line profiler metrics","gpu__dram_throughput.avg.pct_of_peak_sustained_elapsed","%","14.53"
"3","61685","python3.11","127.0.0.1","awq_gemm_kernel","1","7","(128, 1, 1)","(1376, 8, 1)","0","8.9","Command line profiler metrics","gpu__time_duration.sum","ns","1137920"
"3","61685","python3.11","127.0.0.1","awq_gemm_kernel","1","7","(128, 1, 1)","(1376, 8, 1)","0","8.9","Command line profiler metrics","sm__inst_executed_pipe_tensor.sum","inst","2818048"
"3","61685","python3.11","127.0.0.1","awq_gemm_kernel","1","7","(128, 1, 1)","(1376, 8, 1)","0","8.9","Command line profiler metrics","sm__throughput.avg.pct_of_peak_sustained_elapsed","%","66.54"
"3","61685","python3.11","127.0.0.1","awq_gemm_kernel","1","7","(128, 1, 1)","(1376, 8, 1)","0","8.9","Command line profiler metrics","smsp__sass_thread_inst_executed_op_ffma_pred_on.sum","inst","0"
"4","61685","python3.11","127.0.0.1","awq_gemm_kernel","1","7","(128, 1, 1)","(1376, 8, 1)","0","8.9","Command line profiler metrics","dram__bytes.sum","byte","49469312"
"4","61685","python3.11","127.0.0.1","awq_gemm_kernel","1","7","(128, 1, 1)","(1376, 8, 1)","0","8.9","Command line profiler metrics","gpu__dram_throughput.avg.pct_of_peak_sustained_elapsed","%","14.95"
"4","61685","python3.11","127.0.0.1","awq_gemm_kernel","1","7","(128, 1, 1)","(1376, 8, 1)","0","8.9","Command line profiler metrics","gpu__time_duration.sum","ns","1103936"
"4","61685","python3.11","127.0.0.1","awq_gemm_kernel","1","7","(128, 1, 1)","(1376, 8, 1)","0","8.9","Command line profiler metrics","sm__inst_executed_pipe_tensor.sum","inst","2818048"
"4","61685","python3.11","127.0.0.1","awq_gemm_kernel","1","7","(128, 1, 1)","(1376, 8, 1)","0","8.9","Command line profiler metrics","sm__throughput.avg.pct_of_peak_sustained_elapsed","%","66.56"
"4","61685","python3.11","127.0.0.1","awq_gemm_kernel","1","7","(128, 1, 1)","(1376, 8, 1)","0","8.9","Command line profiler metrics","smsp__sass_thread_inst_executed_op_ffma_pred_on.sum","inst","0"
"5","61685","python3.11","127.0.0.1","awq_gemm_kernel","1","7","(128, 1, 1)","(512, 8, 1)","0","8.9","Command line profiler metrics","dram__bytes.sum","byte","50704896"
"5","61685","python3.11","127.0.0.1","awq_gemm_kernel","1","7","(128, 1, 1)","(512, 8, 1)","0","8.9","Command line profiler metrics","gpu__dram_throughput.avg.pct_of_peak_sustained_elapsed","%","16.11"
"5","61685","python3.11","127.0.0.1","awq_gemm_kernel","1","7","(128, 1, 1)","(512, 8, 1)","0","8.9","Command line profiler metrics","gpu__time_duration.sum","ns","1049920"
"5","61685","python3.11","127.0.0.1","awq_gemm_kernel","1","7","(128, 1, 1)","(512, 8, 1)","0","8.9","Command line profiler metrics","sm__inst_executed_pipe_tensor.sum","inst","2818048"
"5","61685","python3.11","127.0.0.1","awq_gemm_kernel","1","7","(128, 1, 1)","(512, 8, 1)","0","8.9","Command line profiler metrics","sm__throughput.avg.pct_of_peak_sustained_elapsed","%","67.85"
"5","61685","python3.11","127.0.0.1","awq_gemm_kernel","1","7","(128, 1, 1)","(512, 8, 1)","0","8.9","Command line profiler metrics","smsp__sass_thread_inst_executed_op_ffma_pred_on.sum","inst","0"
"6","61685","python3.11","127.0.0.1","awq_gemm_kernel","1","7","(128, 1, 1)","(512, 8, 1)","0","8.9","Command line profiler metrics","dram__bytes.sum","byte","19508608"
"6","61685","python3.11","127.0.0.1","awq_gemm_kernel","1","7","(128, 1, 1)","(512, 8, 1)","0","8.9","Command line profiler metrics","gpu__dram_throughput.avg.pct_of_peak_sustained_elapsed","%","14.83"
"6","61685","python3.11","127.0.0.1","awq_gemm_kernel","1","7","(128, 1, 1)","(512, 8, 1)","0","8.9","Command line profiler metrics","gpu__time_duration.sum","ns","438816"
"6","61685","python3.11","127.0.0.1","awq_gemm_kernel","1","7","(128, 1, 1)","(512, 8, 1)","0","8.9","Command line profiler metrics","sm__inst_executed_pipe_tensor.sum","inst","1048576"
"6","61685","python3.11","127.0.0.1","awq_gemm_kernel","1","7","(128, 1, 1)","(512, 8, 1)","0","8.9","Command line profiler metrics","sm__throughput.avg.pct_of_peak_sustained_elapsed","%","65.00"
"6","61685","python3.11","127.0.0.1","awq_gemm_kernel","1","7","(128, 1, 1)","(512, 8, 1)","0","8.9","Command line profiler metrics","smsp__sass_thread_inst_executed_op_ffma_pred_on.sum","inst","0"
"7","61685","python3.11","127.0.0.1","awq_gemm_kernel","1","7","(128, 1, 1)","(512, 8, 1)","0","8.9","Command line profiler metrics","dram__bytes.sum","byte","19524608"
"7","61685","python3.11","127.0.0.1","awq_gemm_kernel","1","7","(128, 1, 1)","(512, 8, 1)","0","8.9","Command line profiler metrics","gpu__dram_throughput.avg.pct_of_peak_sustained_elapsed","%","14.98"
"7","61685","python3.11","127.0.0.1","awq_gemm_kernel","1","7","(128, 1, 1)","(512, 8, 1)","0","8.9","Command line profiler metrics","gpu__time_duration.sum","ns","434912"
"7","61685","python3.11","127.0.0.1","awq_gemm_kernel","1","7","(128, 1, 1)","(512, 8, 1)","0","8.9","Command line profiler metrics","sm__inst_executed_pipe_tensor.sum","inst","1048576"
"7","61685","python3.11","127.0.0.1","awq_gemm_kernel","1","7","(128, 1, 1)","(512, 8, 1)","0","8.9","Command line profiler metrics","sm__throughput.avg.pct_of_peak_sustained_elapsed","%","64.88"
"7","61685","python3.11","127.0.0.1","awq_gemm_kernel","1","7","(128, 1, 1)","(512, 8, 1)","0","8.9","Command line profiler metrics","smsp__sass_thread_inst_executed_op_ffma_pred_on.sum","inst","0"
"8","61685","python3.11","127.0.0.1","awq_gemm_kernel","1","7","(128, 1, 1)","(512, 8, 1)","0","8.9","Command line profiler metrics","dram__bytes.sum","byte","19514240"
"8","61685","python3.11","127.0.0.1","awq_gemm_kernel","1","7","(128, 1, 1)","(512, 8, 1)","0","8.9","Command line profiler metrics","gpu__dram_throughput.avg.pct_of_peak_sustained_elapsed","%","14.87"
"8","61685","python3.11","127.0.0.1","awq_gemm_kernel","1","7","(128, 1, 1)","(512, 8, 1)","0","8.9","Command line profiler metrics","gpu__time_duration.sum","ns","437824"
"8","61685","python3.11","127.0.0.1","awq_gemm_kernel","1","7","(128, 1, 1)","(512, 8, 1)","0","8.9","Command line profiler metrics","sm__inst_executed_pipe_tensor.sum","inst","1048576"
"8","61685","python3.11","127.0.0.1","awq_gemm_kernel","1","7","(128, 1, 1)","(512, 8, 1)","0","8.9","Command line profiler metrics","sm__throughput.avg.pct_of_peak_sustained_elapsed","%","64.91"
"8","61685","python3.11","127.0.0.1","awq_gemm_kernel","1","7","(128, 1, 1)","(512, 8, 1)","0","8.9","Command line profiler metrics","smsp__sass_thread_inst_executed_op_ffma_pred_on.sum","inst","0"
"9","61685","python3.11","127.0.0.1","fmha_cutlassF_f16_aligned_64x128_rf_sm80(PyTorchMemEffAttention::AttentionKernel<cutlass::half_t, cutlass::Sm80, 1, 64, 128, 128, 1, 1>::Params)","1","7","(32, 8, 1)","(2, 32, 1)","0","8.9","Command line profiler metrics","dram__bytes.sum","byte","3723904"
"9","61685","python3.11","127.0.0.1","fmha_cutlassF_f16_aligned_64x128_rf_sm80(PyTorchMemEffAttention::AttentionKernel<cutlass::half_t, cutlass::Sm80, 1, 64, 128, 128, 1, 1>::Params)","1","7","(32, 8, 1)","(2, 32, 1)","0","8.9","Command line profiler metrics","gpu__dram_throughput.avg.pct_of_peak_sustained_elapsed","%","24.64"
"9","61685","python3.11","127.0.0.1","fmha_cutlassF_f16_aligned_64x128_rf_sm80(PyTorchMemEffAttention::AttentionKernel<cutlass::half_t, cutlass::Sm80, 1, 64, 128, 128, 1, 1>::Params)","1","7","(32, 8, 1)","(2, 32, 1)","0","8.9","Command line profiler metrics","gpu__time_duration.sum","ns","50560"
"9","61685","python3.11","127.0.0.1","fmha_cutlassF_f16_aligned_64x128_rf_sm80(PyTorchMemEffAttention::AttentionKernel<cutlass::half_t, cutlass::Sm80, 1, 64, 128, 128, 1, 1>::Params)","1","7","(32, 8, 1)","(2, 32, 1)","0","8.9","Command line profiler metrics","sm__inst_executed_pipe_tensor.sum","inst","131072"
"9","61685","python3.11","127.0.0.1","fmha_cutlassF_f16_aligned_64x128_rf_sm80(PyTorchMemEffAttention::AttentionKernel<cutlass::half_t, cutlass::Sm80, 1, 64, 128, 128, 1, 1>::Params)","1","7","(32, 8, 1)","(2, 32, 1)","0","8.9","Command line profiler metrics","sm__throughput.avg.pct_of_peak_sustained_elapsed","%","12.13"
"9","61685","python3.11","127.0.0.1","fmha_cutlassF_f16_aligned_64x128_rf_sm80(PyTorchMemEffAttention::AttentionKernel<cutlass::half_t, cutlass::Sm80, 1, 64, 128, 128, 1, 1>::Params)","1","7","(32, 8, 1)","(2, 32, 1)","0","8.9","Command line profiler metrics","smsp__sass_thread_inst_executed_op_ffma_pred_on.sum","inst","131072"
"10","61685","python3.11","127.0.0.1","awq_gemm_kernel","1","7","(128, 1, 1)","(512, 8, 1)","0","8.9","Command line profiler metrics","dram__bytes.sum","byte","19498624"
"10","61685","python3.11","127.0.0.1","awq_gemm_kernel","1","7","(128, 1, 1)","(512, 8, 1)","0","8.9","Command line profiler metrics","gpu__dram_throughput.avg.pct_of_peak_sustained_elapsed","%","14.76"
"10","61685","python3.11","127.0.0.1","awq_gemm_kernel","1","7","(128, 1, 1)","(512, 8, 1)","0","8.9","Command line profiler metrics","gpu__time_duration.sum","ns","440928"
"10","61685","python3.11","127.0.0.1","awq_gemm_kernel","1","7","(128, 1, 1)","(512, 8, 1)","0","8.9","Command line profiler metrics","sm__inst_executed_pipe_tensor.sum","inst","1048576"
"10","61685","python3.11","127.0.0.1","awq_gemm_kernel","1","7","(128, 1, 1)","(512, 8, 1)","0","8.9","Command line profiler metrics","sm__throughput.avg.pct_of_peak_sustained_elapsed","%","64.89"
"10","61685","python3.11","127.0.0.1","awq_gemm_kernel","1","7","(128, 1, 1)","(512, 8, 1)","0","8.9","Command line profiler metrics","smsp__sass_thread_inst_executed_op_ffma_pred_on.sum","inst","0"
"11","61685","python3.11","127.0.0.1","awq_gemm_kernel","1","7","(128, 1, 1)","(1376, 8, 1)","0","8.9","Command line profiler metrics","dram__bytes.sum","byte","49558272"
"11","61685","python3.11","127.0.0.1","awq_gemm_kernel","1","7","(128, 1, 1)","(1376, 8, 1)","0","8.9","Command line profiler metrics","gpu__dram_throughput.avg.pct_of_peak_sustained_elapsed","%","14.57"
"11","61685","python3.11","127.0.0.1","awq_gemm_kernel","1","7","(128, 1, 1)","(1376, 8, 1)","0","8.9","Command line profiler metrics","gpu__time_duration.sum","ns","1135104"
"11","61685","python3.11","127.0.0.1","awq_gemm_kernel","1","7","(128, 1, 1)","(1376, 8, 1)","0","8.9","Command line profiler metrics","sm__inst_executed_pipe_tensor.sum","inst","2818048"
"11","61685","python3.11","127.0.0.1","awq_gemm_kernel","1","7","(128, 1, 1)","(1376, 8, 1)","0","8.9","Command line profiler metrics","sm__throughput.avg.pct_of_peak_sustained_elapsed","%","66.56"
"11","61685","python3.11","127.0.0.1","awq_gemm_kernel","1","7","(128, 1, 1)","(1376, 8, 1)","0","8.9","Command line profiler metrics","smsp__sass_thread_inst_executed_op_ffma_pred_on.sum","inst","0"
"12","61685","python3.11","127.0.0.1","awq_gemm_kernel","1","7","(128, 1, 1)","(1376, 8, 1)","0","8.9","Command line profiler metrics","dram__bytes.sum","byte","49547904"
"12","61685","python3.11","127.0.0.1","awq_gemm_kernel","1","7","(128, 1, 1)","(1376, 8, 1)","0","8.9","Command line profiler metrics","gpu__dram_throughput.avg.pct_of_peak_sustained_elapsed","%","14.59"
"12","61685","python3.11","127.0.0.1","awq_gemm_kernel","1","7","(128, 1, 1)","(1376, 8, 1)","0","8.9","Command line profiler metrics","gpu__time_duration.sum","ns","1132768"
"12","61685","python3.11","127.0.0.1","awq_gemm_kernel","1","7","(128, 1, 1)","(1376, 8, 1)","0","8.9","Command line profiler metrics","sm__inst_executed_pipe_tensor.sum","inst","2818048"
"12","61685","python3.11","127.0.0.1","awq_gemm_kernel","1","7","(128, 1, 1)","(1376, 8, 1)","0","8.9","Command line profiler metrics","sm__throughput.avg.pct_of_peak_sustained_elapsed","%","66.57"
"12","61685","python3.11","127.0.0.1","awq_gemm_kernel","1","7","(128, 1, 1)","(1376, 8, 1)","0","8.9","Command line profiler metrics","smsp__sass_thread_inst_executed_op_ffma_pred_on.sum","inst","0"
"13","61685","python3.11","127.0.0.1","awq_gemm_kernel","1","7","(128, 1, 1)","(512, 8, 1)","0","8.9","Command line profiler metrics","dram__bytes.sum","byte","50852224"
"13","61685","python3.11","127.0.0.1","awq_gemm_kernel","1","7","(128, 1, 1)","(512, 8, 1)","0","8.9","Command line profiler metrics","gpu__dram_throughput.avg.pct_of_peak_sustained_elapsed","%","16.06"
"13","61685","python3.11","127.0.0.1","awq_gemm_kernel","1","7","(128, 1, 1)","(512, 8, 1)","0","8.9","Command line profiler metrics","gpu__time_duration.sum","ns","1056544"
"13","61685","python3.11","127.0.0.1","awq_gemm_kernel","1","7","(128, 1, 1)","(512, 8, 1)","0","8.9","Command line profiler metrics","sm__inst_executed_pipe_tensor.sum","inst","2818048"
"13","61685","python3.11","127.0.0.1","awq_gemm_kernel","1","7","(128, 1, 1)","(512, 8, 1)","0","8.9","Command line profiler metrics","sm__throughput.avg.pct_of_peak_sustained_elapsed","%","67.88"
"13","61685","python3.11","127.0.0.1","awq_gemm_kernel","1","7","(128, 1, 1)","(512, 8, 1)","0","8.9","Command line profiler metrics","smsp__sass_thread_inst_executed_op_ffma_pred_on.sum","inst","0"
"14","61685","python3.11","127.0.0.1","awq_gemm_kernel","1","7","(128, 1, 1)","(512, 8, 1)","0","8.9","Command line profiler metrics","dram__bytes.sum","byte","19468672"
"14","61685","python3.11","127.0.0.1","awq_gemm_kernel","1","7","(128, 1, 1)","(512, 8, 1)","0","8.9","Command line profiler metrics","gpu__dram_throughput.avg.pct_of_peak_sustained_elapsed","%","14.85"
"14","61685","python3.11","127.0.0.1","awq_gemm_kernel","1","7","(128, 1, 1)","(512, 8, 1)","0","8.9","Command line profiler metrics","gpu__time_duration.sum","ns","437568"
"14","61685","python3.11","127.0.0.1","awq_gemm_kernel","1","7","(128, 1, 1)","(512, 8, 1)","0","8.9","Command line profiler metrics","sm__inst_executed_pipe_tensor.sum","inst","1048576"
"14","61685","python3.11","127.0.0.1","awq_gemm_kernel","1","7","(128, 1, 1)","(512, 8, 1)","0","8.9","Command line profiler metrics","sm__throughput.avg.pct_of_peak_sustained_elapsed","%","64.98"
"14","61685","python3.11","127.0.0.1","awq_gemm_kernel","1","7","(128, 1, 1)","(512, 8, 1)","0","8.9","Command line profiler metrics","smsp__sass_thread_inst_executed_op_ffma_pred_on.sum","inst","0"
"15","61685","python3.11","127.0.0.1","awq_gemm_kernel","1","7","(128, 1, 1)","(512, 8, 1)","0","8.9","Command line profiler metrics","dram__bytes.sum","byte","19502592"
"15","61685","python3.11","127.0.0.1","awq_gemm_kernel","1","7","(128, 1, 1)","(512, 8, 1)","0","8.9","Command line profiler metrics","gpu__dram_throughput.avg.pct_of_peak_sustained_elapsed","%","14.83"
"15","61685","python3.11","127.0.0.1","awq_gemm_kernel","1","7","(128, 1, 1)","(512, 8, 1)","0","8.9","Command line profiler metrics","gpu__time_duration.sum","ns","438784"
"15","61685","python3.11","127.0.0.1","awq_gemm_kernel","1","7","(128, 1, 1)","(512, 8, 1)","0","8.9","Command line profiler metrics","sm__inst_executed_pipe_tensor.sum","inst","1048576"
"15","61685","python3.11","127.0.0.1","awq_gemm_kernel","1","7","(128, 1, 1)","(512, 8, 1)","0","8.9","Command line profiler metrics","sm__throughput.avg.pct_of_peak_sustained_elapsed","%","64.98"
"15","61685","python3.11","127.0.0.1","awq_gemm_kernel","1","7","(128, 1, 1)","(512, 8, 1)","0","8.9","Command line profiler metrics","smsp__sass_thread_inst_executed_op_ffma_pred_on.sum","inst","0"
"16","61685","python3.11","127.0.0.1","awq_gemm_kernel","1","7","(128, 1, 1)","(512, 8, 1)","0","8.9","Command line profiler metrics","dram__bytes.sum","byte","19521408"
"16","61685","python3.11","127.0.0.1","awq_gemm_kernel","1","7","(128, 1, 1)","(512, 8, 1)","0","8.9","Command line profiler metrics","gpu__dram_throughput.avg.pct_of_peak_sustained_elapsed","%","14.88"
"16","61685","python3.11","127.0.0.1","awq_gemm_kernel","1","7","(128, 1, 1)","(512, 8, 1)","0","8.9","Command line profiler metrics","gpu__time_duration.sum","ns","437760"
"16","61685","python3.11","127.0.0.1","awq_gemm_kernel","1","7","(128, 1, 1)","(512, 8, 1)","0","8.9","Command line profiler metrics","sm__inst_executed_pipe_tensor.sum","inst","1048576"
"16","61685","python3.11","127.0.0.1","awq_gemm_kernel","1","7","(128, 1, 1)","(512, 8, 1)","0","8.9","Command line profiler metrics","sm__throughput.avg.pct_of_peak_sustained_elapsed","%","64.89"
"16","61685","python3.11","127.0.0.1","awq_gemm_kernel","1","7","(128, 1, 1)","(512, 8, 1)","0","8.9","Command line profiler metrics","smsp__sass_thread_inst_executed_op_ffma_pred_on.sum","inst","0"
"17","61685","python3.11","127.0.0.1","fmha_cutlassF_f16_aligned_64x128_rf_sm80(PyTorchMemEffAttention::AttentionKernel<cutlass::half_t, cutlass::Sm80, 1, 64, 128, 128, 1, 1>::Params)","1","7","(32, 8, 1)","(2, 32, 1)","0","8.9","Command line profiler metrics","dram__bytes.sum","byte","3733504"
"17","61685","python3.11","127.0.0.1","fmha_cutlassF_f16_aligned_64x128_rf_sm80(PyTorchMemEffAttention::AttentionKernel<cutlass::half_t, cutlass::Sm80, 1, 64, 128, 128, 1, 1>::Params)","1","7","(32, 8, 1)","(2, 32, 1)","0","8.9","Command line profiler metrics","gpu__dram_throughput.avg.pct_of_peak_sustained_elapsed","%","24.33"
"17","61685","python3.11","127.0.0.1","fmha_cutlassF_f16_aligned_64x128_rf_sm80(PyTorchMemEffAttention::AttentionKernel<cutlass::half_t, cutlass::Sm80, 1, 64, 128, 128, 1, 1>::Params)","1","7","(32, 8, 1)","(2, 32, 1)","0","8.9","Command line profiler metrics","gpu__time_duration.sum","ns","51264"
"17","61685","python3.11","127.0.0.1","fmha_cutlassF_f16_aligned_64x128_rf_sm80(PyTorchMemEffAttention::AttentionKernel<cutlass::half_t, cutlass::Sm80, 1, 64, 128, 128, 1, 1>::Params)","1","7","(32, 8, 1)","(2, 32, 1)","0","8.9","Command line profiler metrics","sm__inst_executed_pipe_tensor.sum","inst","131072"
"17","61685","python3.11","127.0.0.1","fmha_cutlassF_f16_aligned_64x128_rf_sm80(PyTorchMemEffAttention::AttentionKernel<cutlass::half_t, cutlass::Sm80, 1, 64, 128, 128, 1, 1>::Params)","1","7","(32, 8, 1)","(2, 32, 1)","0","8.9","Command line profiler metrics","sm__throughput.avg.pct_of_peak_sustained_elapsed","%","11.98"
"17","61685","python3.11","127.0.0.1","fmha_cutlassF_f16_aligned_64x128_rf_sm80(PyTorchMemEffAttention::AttentionKernel<cutlass::half_t, cutlass::Sm80, 1, 64, 128, 128, 1, 1>::Params)","1","7","(32, 8, 1)","(2, 32, 1)","0","8.9","Command line profiler metrics","smsp__sass_thread_inst_executed_op_ffma_pred_on.sum","inst","131072"
"18","61685","python3.11","127.0.0.1","awq_gemm_kernel","1","7","(128, 1, 1)","(512, 8, 1)","0","8.9","Command line profiler metrics","dram__bytes.sum","byte","19496320"
"18","61685","python3.11","127.0.0.1","awq_gemm_kernel","1","7","(128, 1, 1)","(512, 8, 1)","0","8.9","Command line profiler metrics","gpu__dram_throughput.avg.pct_of_peak_sustained_elapsed","%","14.80"
"18","61685","python3.11","127.0.0.1","awq_gemm_kernel","1","7","(128, 1, 1)","(512, 8, 1)","0","8.9","Command line profiler metrics","gpu__time_duration.sum","ns","439552"
"18","61685","python3.11","127.0.0.1","awq_gemm_kernel","1","7","(128, 1, 1)","(512, 8, 1)","0","8.9","Command line profiler metrics","sm__inst_executed_pipe_tensor.sum","inst","1048576"
"18","61685","python3.11","127.0.0.1","awq_gemm_kernel","1","7","(128, 1, 1)","(512, 8, 1)","0","8.9","Command line profiler metrics","sm__throughput.avg.pct_of_peak_sustained_elapsed","%","64.78"
"18","61685","python3.11","127.0.0.1","awq_gemm_kernel","1","7","(128, 1, 1)","(512, 8, 1)","0","8.9","Command line profiler metrics","smsp__sass_thread_inst_executed_op_ffma_pred_on.sum","inst","0"
"19","61685","python3.11","127.0.0.1","awq_gemm_kernel","1","7","(128, 1, 1)","(1376, 8, 1)","0","8.9","Command line profiler metrics","dram__bytes.sum","byte","49561856"
"19","61685","python3.11","127.0.0.1","awq_gemm_kernel","1","7","(128, 1, 1)","(1376, 8, 1)","0","8.9","Command line profiler metrics","gpu__dram_throughput.avg.pct_of_peak_sustained_elapsed","%","14.53"
"19","61685","python3.11","127.0.0.1","awq_gemm_kernel","1","7","(128, 1, 1)","(1376, 8, 1)","0","8.9","Command line profiler metrics","gpu__time_duration.sum","ns","1138432"
"19","61685","python3.11","127.0.0.1","awq_gemm_kernel","1","7","(128, 1, 1)","(1376, 8, 1)","0","8.9","Command line profiler metrics","sm__inst_executed_pipe_tensor.sum","inst","2818048"
"19","61685","python3.11","127.0.0.1","awq_gemm_kernel","1","7","(128, 1, 1)","(1376, 8, 1)","0","8.9","Command line profiler metrics","sm__throughput.avg.pct_of_peak_sustained_elapsed","%","66.53"
"19","61685","python3.11","127.0.0.1","awq_gemm_kernel","1","7","(128, 1, 1)","(1376, 8, 1)","0","8.9","Command line profiler metrics","smsp__sass_thread_inst_executed_op_ffma_pred_on.sum","inst","0"
